K,HitRate@K,MRR@K
1,0.8190045248868778,0.8190045248868778
3,0.8642533936651584,0.8393665158371041
5,0.8778280542986425,0.8425339366515836
10,0.8959276018099548,0.8446455505279036
